{
  "inform_player_about_disabled_use": true,
  "inform_player_about_no_bound_freyr_sword": true,
  "inform_player_about_no_soulbound_thrown_weapon": true,
  "inform_player_about_cooldown_effect": true,
  "inform_player_about_no_souls_to_collect": true,
  "inform_player_about_collected_souls": true,
  "disable_weapon_recipes": false,
  "disable_gun_recipes": false,
  "disable_armor_recipes": false,
  "disable_all_enchantments": false,
  "disable_enchantment_fast_hands": false,
  "disable_enchantment_posture_breaker": false,
  "disable_enchantment_stagger": false,
  "disable_recipe_bloodthirster": false,
  "disable_recipe_bluemoon_greatsword": false,
  "disable_recipe_bluemoon_shortsword": false,
  "disable_recipe_comet_spear": false,
  "disable_recipe_darkin_blade": false,
  "disable_recipe_dawnbreaker": false,
  "disable_recipe_heap_of_raw_iron": false,
  "disable_recipe_dragonslayer_swordspear": false,
  "disable_recipe_dragon_staff": false,
  "disable_recipe_draugr": false,
  "disable_recipe_galeforce": false,
  "disable_recipe_rageblade": false,
  "disable_recipe_lich_bane": false,
  "disable_recipe_moonlight_greatsword": false,
  "disable_recipe_moonlight_shortsword": false,
  "disable_recipe_nightfall": false,
  "disable_recipe_soul_reaper": false,
  "disable_recipe_forlorn_scythe": true,
  "disable_recipe_whirligig_sawblade": false,
  "disable_recipe_withered_wabbajack": false,
  "disable_recipe_leviathan_axe": false,
  "disable_recipe_skofnung": false,
  "disable_recipe_pure_moonlight_greatsword": false,
  "disable_recipe_mjolnir": false,
  "disable_recipe_sword_of_freyr": false,
  "disable_recipe_sting": false,
  "disable_recipe_featherlight": false,
  "disable_recipe_crucible_sword": false,
  "disable_recipe_darkin_scythe": false,
  "disable_recipe_kirkhammer": false,
  "disable_recipe_ludwigs_holy_blade": false,
  "disable_recipe_draupnir_spear": false,
  "disable_recipe_holy_moonlight_sword": false,
  "disable_recipe_master_sword": false,
  "disable_recipe_frostmourne": false,
  "disable_recipe_nights_edge": false,
  "disable_recipe_empowered_dawnbreaker": false,
  "disable_recipe_kraken_slayer_bow": true,
  "disable_recipe_kraken_slayer_crossbow": false,
  "disable_recipe_darkmoon_longbow": false,
  "disable_recipe_arkenplate": false,
  "disable_recipe_chaos_helmet": false,
  "disable_recipe_soul_ingot_helmet": false,
  "disable_recipe_soul_ingot_chestplate": false,
  "disable_recipe_soul_ingot_leggings": false,
  "disable_recipe_soul_ingot_boots": false,
  "disable_recipe_soul_robes_helmet": false,
  "disable_recipe_soul_robes_chestplate": false,
  "disable_recipe_soul_robes_leggings": false,
  "disable_recipe_soul_robes_boots": false,
  "disable_recipe_forlorn_helmet": false,
  "disable_recipe_forlorn_chestplate": false,
  "disable_recipe_forlorn_leggings": false,
  "disable_recipe_forlorn_boots": false,
  "disable_recipe_withered_chest": false,
  "disable_recipe_enhanced_arkenplate": false,
  "disable_recipe_enhanced_withered_chest": false,
  "disable_use_bluemoon_shortsword": false,
  "disable_use_bluemoon_greatsword": false,
  "disable_use_moonlight_shortsword": false,
  "disable_use_moonlight_greatsword": false,
  "disable_use_pure_moonlight_greatsword": false,
  "disable_use_bloodthirster": false,
  "disable_use_darkin_blade": false,
  "disable_use_dragon_staff": false,
  "disable_use_withered_wabbajack": false,
  "disable_use_whirligig_sawblade": false,
  "disable_use_dragonslayer_swordspear": false,
  "disable_use_rageblade": false,
  "disable_use_heap_of_raw_iron": false,
  "disable_use_nightfall": false,
  "disable_use_comet_spear": false,
  "disable_use_lich_bane": false,
  "disable_use_galeforce": false,
  "disable_use_draugr": false,
  "disable_use_dawnbreaker": false,
  "disable_use_soul_reaper": false,
  "disable_use_forlorn_scythe": false,
  "disable_use_leviathan_axe": false,
  "disable_use_skofnung": false,
  "disable_use_skofnung_stone": false,
  "disable_use_mjolnir": false,
  "disable_use_sword_of_freyr": false,
  "disable_use_featherlight": false,
  "disable_use_crucible_sword": false,
  "disable_use_darkin_scythe": false,
  "disable_use_darkin_scythe_prime": false,
  "disable_use_shadow_assassin_scythe": false,
  "disable_use_draupnir_spear": false,
  "disable_use_holy_moonlight_greatsword": false,
  "disable_use_holy_moonlight_sword": false,
  "disable_use_frostmourne": false,
  "disable_use_master_sword": false,
  "disable_use_nights_edge": false,
  "disable_use_empowered_dawnbreaker": false,
  "disable_use_kraken_slayer_bow": false,
  "disable_use_kraken_slayer_crossbow": false,
  "disable_use_darkmoon_longbow": false,
  "disable_use_hunter_pistol": false,
  "disable_use_hunter_blunderbuss": false,
  "disable_use_gatling_gun": false,
  "disable_use_hunter_cannon": false,
  "disable_use_kirkhammer": false,
  "disable_use_silver_sword": false,
  "disable_use_ludwigs_holy_greatsword": false,
  "disable_use_moonstone_ring": false,
  "disable_use_chaos_orb": false,
  "disable_use_arkenplate": false,
  "disable_use_chaos_crown": false,
  "disable_use_chaos_robes": false,
  "disable_use_soul_ingot_armor": false,
  "disable_use_soul_robes_armor": false,
  "disable_use_forlorn_armor": false,
  "disable_use_withered_chest": false,
  "is_fireproof_bloodthirster": true,
  "is_fireproof_bluemoon_greatsword": false,
  "is_fireproof_bluemoon_shortsword": false,
  "is_fireproof_comet_spear": true,
  "is_fireproof_darkin_blade": true,
  "is_fireproof_dawnbreaker": true,
  "is_fireproof_heap_of_raw_iron": false,
  "is_fireproof_dragonslayer_swordspear": true,
  "is_fireproof_dragon_staff": true,
  "is_fireproof_draugr": true,
  "is_fireproof_galeforce": true,
  "is_fireproof_rageblade": true,
  "is_fireproof_lich_bane": true,
  "is_fireproof_moonlight_greatsword": true,
  "is_fireproof_moonlight_shortsword": true,
  "is_fireproof_moonlight_ring": true,
  "is_fireproof_nightfall": true,
  "is_fireproof_soul_reaper": true,
  "is_fireproof_forlorn_scythe": true,
  "is_fireproof_whirligig_sawblade": true,
  "is_fireproof_withered_wabbajack": true,
  "is_fireproof_leviathan_axe": true,
  "is_fireproof_skofnung": true,
  "is_fireproof_pure_moonlight_greatsword": true,
  "is_fireproof_mjolnir": true,
  "is_fireproof_sword_of_freyr": true,
  "is_fireproof_sting": false,
  "is_fireproof_featherlight": true,
  "is_fireproof_crucible_sword": true,
  "is_fireproof_darkin_scythe": true,
  "is_fireproof_darkin_scythe_prime": true,
  "is_fireproof_shadow_assassin_scythe": true,
  "is_fireproof_kirkhammer": false,
  "is_fireproof_ludwigs_holy_blade": false,
  "is_fireproof_silver_sword": false,
  "is_fireproof_draupnir_spear": true,
  "is_fireproof_holy_moonlight_sword": true,
  "is_fireproof_holy_moonlight_greatsword": true,
  "is_fireproof_master_sword": true,
  "is_fireproof_frostmourne": true,
  "is_fireproof_nights_edge": true,
  "is_fireproof_empowered_dawnbreaker": true,
  "is_fireproof_kraken_slayer_bow": true,
  "is_fireproof_kraken_slayer_crossbow": true,
  "is_fireproof_darkmoon_longbow": true,
  "is_fireproof_blunderbuss": false,
  "is_fireproof_gatling_gun": false,
  "is_fireproof_hunter_cannon": false,
  "is_fireproof_hunter_pistol": false,
  "is_fireproof_chaos_set": true,
  "is_fireproof_soul_ingot_set": false,
  "is_fireproof_soul_robes_set": false,
  "is_fireproof_forlorn_set": true,
  "is_fireproof_withered_set": true,
  "withered_demon_spawnweight": 20,
  "moderatly_sized_chungus_spawnweight": 100,
  "chungus_monolith_radius": 32,
  "evil_forlorn_spawnweight": 15,
  "can_withered_demon_spawn": true,
  "can_moderatly_sized_chungus_spawn": true,
  "can_evil_forlorn_spawn": true,
  "can_bosses_break_blocks": true,
  "chaos_armor_armor_points": [
    4,
    7,
    10,
    5
  ],
  "chaos_set_armor_points": [
    2,
    3,
    4,
    1
  ],
  "soul_ingot_armor_points": [
    3,
    5,
    7,
    3
  ],
  "soul_robes_armor_points": [
    2,
    3,
    4,
    3
  ],
  "forlorn_armor_armor_points": [
    3,
    6,
    8,
    3
  ],
  "withered_armor_armor_points": [
    4,
    7,
    10,
    5
  ],
  "chaos_crown_flip_effect_cooldown": 300,
  "arkenplate_shockwave_cooldown": 200,
  "arkenplate_shockwave_knockback": 2.0,
  "arkenplate_shockwave_damage": 6.0,
  "arkenplate_mirror_trigger_percent": 0.334,
  "forlorn_set_bonus_range": 6.0,
  "forlorn_set_bonus_heal": 2.0,
  "withered_chest_strength_trigger_percent_1": 0.5,
  "withered_chest_strength_trigger_percent_2": 0.25,
  "withered_chest_ability_cooldown": 500,
  "withered_chest_apply_wither_duration": 100,
  "withered_chest_apply_wither_amplifier": 0,
  "withered_chest_apply_fire_seconds": 6,
  "withered_chest_life_leach_duration": 400,
  "withered_chest_life_leach_amplifier": 0,
  "bloodthirster_damage": 8,
  "bloodthirster_attack_speed": 1.6,
  "bloodthirster_overshields": true,
  "lifesteal_item_base_healing": 2,
  "lifesteal_item_heal_scales": true,
  "lifesteal_item_cooldown": 60,
  "bluemoon_greatsword_damage": 8,
  "bluemoon_greatsword_attack_speed": 1.2,
  "bluemoon_greatsword_charge_needed": 8,
  "bluemoon_greatsword_charge_added_post_hit": 1,
  "bluemoon_shortsword_damage": 7,
  "bluemoon_shortsword_attack_speed": 1.6,
  "bluemoon_shortsword_projectile_cooldown": 120,
  "comet_spear_damage": 8,
  "comet_spear_attack_speed": 1.4,
  "comet_spear_projectile_damage": 8.0,
  "comet_spear_ability_damage": 10,
  "comet_spear_skyfall_ability_cooldown": 400,
  "comet_spear_throw_ability_cooldown": 25,
  "comet_spear_calculated_fall_base_radius": 0.0,
  "comet_spear_calculated_fall_height_increase_radius_modifier": 2.0,
  "comet_spear_calculated_fall_max_radius": 100.0,
  "comet_spear_calculated_fall_max_damage": 100.0,
  "comet_spear_calculated_fall_height_increase_damage_modifier": 0.2,
  "comet_spear_calculated_fall_target_launch_modifier": 0.35,
  "comet_spear_calculated_fall_should_heal": false,
  "comet_spear_calculated_fall_heal_from_damage_modifier": 0.1,
  "crucible_sword_normal_damage": 9,
  "crucible_sword_attack_speed": 1.6,
  "crucible_sword_empowered_damage": 30,
  "crucible_sword_empowered_cooldown": 300,
  "darkin_blade_damage": 11,
  "darkin_blade_attack_speed": 1.0,
  "darkin_blade_ability_damage": 12,
  "darkin_blade_ability_cooldown": 150,
  "darkin_blade_calculated_fall_base_radius": 3.0,
  "darkin_blade_calculated_fall_height_increase_radius_modifier": 1.75,
  "darkin_blade_calculated_fall_target_launch_modifier": 0.25,
  "darkin_blade_calculated_fall_max_radius": 100.0,
  "darkin_blade_calculated_fall_max_damage": 100.0,
  "darkin_blade_calculated_fall_height_increase_damage_modifier": 0.2,
  "darkin_blade_calculated_fall_should_heal": true,
  "darkin_blade_calculated_fall_heal_from_damage_modifier": 0.1,
  "darkin_scythe_damage": 9,
  "darkin_scythe_attack_speed": 1.0,
  "darkin_scythe_bonus_damage": 3,
  "darkin_scythe_max_souls": 100,
  "darkin_scythe_prime_ability_damage": 20.0,
  "darkin_scythe_prime_attack_speed": 1.0,
  "darkin_scythe_prime_ability_percent_health_damage": 10.0,
  "darkin_scythe_prime_ability_cooldown": 400,
  "darkin_scythe_prime_heal_modifier": 0.25,
  "darkin_scythe_prime_ticks_before_dismount": 80,
  "darkmoon_longbow_damage": 9,
  "darkmoon_longbow_max_velocity": 3.0,
  "darkmoon_longbow_pull_time_ticks": 25,
  "darkmoon_longbow_ability_damage": 13.0,
  "darkmoon_longbow_ability_cooldown_ticks": 150,
  "dawnbreaker_damage": 8,
  "dawnbreaker_attack_speed": 1.6,
  "dawnbreaker_ability_damage": 10.0,
  "dawnbreaker_ability_percent_chance_addition": 0.0,
  "dawnbreaker_affect_all_entities": false,
  "empowered_dawnbreaker_damage": 10,
  "empowered_dawnbreaker_attack_speed": 1.2,
  "empowered_dawnbreaker_ability_damage": 15.0,
  "empowered_dawnbreaker_ability_cooldown": 180,
  "heap_of_raw_iron_damage": 10,
  "heap_of_raw_iron_attack_speed": 1.0,
  "heap_of_raw_iron_cooldown": 200,
  "heap_of_raw_iron_calculated_fall_base_radius": 2.5,
  "heap_of_raw_iron_calculated_fall_height_increase_radius_modifier": 1.6,
  "heap_of_raw_iron_calculated_fall_target_launch_modifier": 0.25,
  "heap_of_raw_iron_calculated_fall_max_radius": 100.0,
  "heap_of_raw_iron_calculated_fall_max_damage": 100.0,
  "heap_of_raw_iron_calculated_fall_height_increase_damage_modifier": 0.2,
  "heap_of_raw_iron_calculated_fall_should_heal": false,
  "heap_of_raw_iron_calculated_fall_heal_from_damage_modifier": 0.1,
  "dragonslayer_swordspear_damage": 8,
  "dragonslayer_swordspear_attack_speed": 1.4,
  "dragonslayer_swordspear_rain_bonus_damage": 1,
  "dragonslayer_swordspear_rain_total_attack_speed": 1.8,
  "dragonslayer_swordspear_projectile_damage": 7.0,
  "dragonslayer_swordspear_ability_damage": 6.0,
  "dragonslayer_swordspear_lightning_amount": 1,
  "dragonslayer_swordspear_throw_cooldown": 100,
  "dragonslayer_swordspear_ability_cooldown": 300,
  "dragon_staff_damage": 8,
  "dragon_staff_attack_speed": 1.2,
  "dragon_staff_aura_strength": 1,
  "dragon_staff_cooldown": 100,
  "dragon_staff_use_time": 100,
  "draugr_damage_at_night": 11,
  "draugr_attack_speed": 1.6,
  "draupnir_spear_damage": 8,
  "draupnir_spear_attack_speed": 1.4,
  "draupnir_spear_projectile_damage": 10.0,
  "draupnir_spear_detonate_power": 1.0,
  "draupnir_spear_throw_cooldown": 40,
  "draupnir_spear_detonate_cooldown": 100,
  "draupnir_spear_summon_spears_cooldown": 300,
  "draupnir_spear_max_age": 400,
  "forlorn_scythe_damage": 11,
  "forlorn_scythe_attack_speed": 1.0,
  "featherlight_damage": 8,
  "featherlight_attack_speed": 1.6,
  "featherlight_calculated_fall_base_radius": 2.5,
  "featherlight_calculated_fall_height_increase_radius_modifier": 1.6,
  "featherlight_calculated_fall_target_launch_modifier": 0.2,
  "featherlight_calculated_fall_max_radius": 100.0,
  "featherlight_calculated_fall_max_damage": 100.0,
  "featherlight_calculated_fall_height_increase_damage_modifier": 0.2,
  "featherlight_calculated_fall_should_heal": false,
  "featherlight_calculated_fall_heal_from_damage_modifier": 0.1,
  "frostmourne_damage": 11,
  "frostmourne_attack_speed": 1.6,
  "frostmourne_summoned_allies_cap": 50,
  "galeforce_damage": 10,
  "galeforce_max_velocity": 3.0,
  "galeforce_pull_time_ticks": 20,
  "galeforce_speed_effect_duration_ticks": 50,
  "galeforce_speed_effect_amplifier": 4,
  "galeforce_dash_cooldown": 80,
  "rageblade_damage": 7,
  "rageblade_attack_speed": 1.6,
  "rageblade_haste_cap": true,
  "holy_moonlight_greatsword_damage": 10,
  "holy_moonlight_greatsword_attack_speed": 1.2,
  "holy_moonlight_ability_charge_needed": 50,
  "holy_moonlight_greatsword_charge_added_post_hit": 3,
  "holy_moonlight_ability_damage": 20.0,
  "holy_moonlight_ability_knockup": 0.3,
  "holy_moonlight_ability_cooldown": 150,
  "holy_moonlight_ruptures_amount": 8,
  "holy_moonlight_sword_damage": 7,
  "holy_moonlight_sword_attack_speed": 1.6,
  "holy_moonlight_sword_max_bonus_damage": 2,
  "holy_moonlight_sword_charge_added_post_hit": 1,
  "kirkhammer_damage": 9,
  "kirkhammer_attack_speed": 1.0,
  "kirkhammer_silver_sword_damage": 6,
  "kirkhammer_silver_sword_attack_speed": 1.6,
  "kraken_slayer_damage": 7,
  "kraken_slayer_max_velocity": 3.0,
  "kraken_slayer_pull_time_ticks": 10,
  "kraken_slayer_crossbow_damage": 9,
  "kraken_slayer_crossbow_max_velocity": 3.15,
  "kraken_slayer_crossbow_pull_time_ticks": 15,
  "kraken_slayer_bonus_true_damage": 4.0,
  "kraken_slayer_player_true_damage_taken_modifier": 0.4,
  "leviathan_axe_damage": 10,
  "leviathan_axe_attack_speed": 1.2,
  "leviathan_axe_projectile_damage": 7.0,
  "leviathan_axe_return_speed": 4.0,
  "lich_bane_damage": 7,
  "lich_bane_attack_speed": 1.6,
  "lich_bane_bonus_magic_damage": 2.0,
  "ludwigs_holy_greatsword_damage": 8,
  "ludwigs_holy_greatsword_attack_speed": 1.2,
  "righteous_undead_bonus_damage": 2.0,
  "master_sword_damage": 8,
  "master_sword_attack_speed": 1.6,
  "master_sword_projectile_damage": 11.0,
  "mjolnir_damage": 9,
  "mjolnir_attack_speed": 1.2,
  "mjolnir_rain_bonus_damage": 2,
  "mjolnir_rain_total_attack_speed": 1.2,
  "mjolnir_smash_damage": 8.0,
  "mjolnir_projectile_damage": 7.0,
  "mjolnir_lightning_smash_cooldown": 200,
  "mjolnir_lightning_circle_amount": 3,
  "mjolnir_riptide_cooldown": 300,
  "mjolnir_return_speed": 4.0,
  "moonlight_greatsword_damage": 9,
  "moonlight_greatsword_attack_speed": 1.2,
  "moonlight_greatsword_projectile_damage": 8.0,
  "pure_moonlight_greatsword_damage": 11,
  "pure_moonlight_greatsword_attack_speed": 1.2,
  "moonlight_shortsword_damage": 8,
  "moonlight_shortsword_attack_speed": 1.6,
  "moonlight_shortsword_projectile_damage": 3.0,
  "moonlight_shortsword_projectile_cooldown": 13,
  "moonlight_ring_projectile_cooldown": 5,
  "nightfall_damage": 11,
  "nightfall_attack_speed": 1.0,
  "nightfall_ability_damage": 18.0,
  "nightfall_ability_shield_power": 2,
  "nightfall_shield_cooldown": 500,
  "nightfall_smash_cooldown": 300,
  "nightfall_summoned_allies_cap": 50,
  "nightfall_summon_chance": 0.3,
  "nightfall_calculated_fall_base_radius": 3.0,
  "nightfall_calculated_fall_height_increase_radius_modifier": 1.5,
  "nightfall_calculated_fall_target_launch_modifier": 0.3,
  "nightfall_calculated_fall_max_radius": 100.0,
  "nightfall_calculated_fall_max_damage": 100.0,
  "nightfall_calculated_fall_height_increase_damage_modifier": 0.2,
  "nightfall_calculated_fall_should_heal": false,
  "nightfall_calculated_fall_heal_from_damage_modifier": 0.1,
  "nights_edge_weapon_damage": 10,
  "nights_edge_weapon_attack_speed": 1.2,
  "nights_edge_ability_cooldown": 120,
  "nights_edge_ability_damage": 10.0,
  "shadow_assassin_scythe_shadow_step_bonus_damage": 2,
  "shadow_assassin_scythe_attack_speed": 1.0,
  "shadow_assassin_scythe_shadow_step_ticks": 60,
  "shadow_assassin_scythe_shadow_step_cooldown": 160,
  "shadow_assassin_scythe_ability_damage": 40.0,
  "shadow_assassin_scythe_ability_cooldown": 300,
  "shadow_assassin_scythe_ticks_before_dismount": 120,
  "skofnung_damage": 8,
  "skofnung_attack_speed": 1.6,
  "skofnung_bonus_damage": 2,
  "skofnung_disable_heal_duration": 100,
  "skofnung_stone_additional_empowered_strikes": 8,
  "soul_reaper_damage": 11,
  "soul_reaper_attack_speed": 1.0,
  "soul_reaper_summoned_allies_cap": 50,
  "sting_damage": 6,
  "sting_attack_speed": 1.6,
  "sting_bonus_arthropod_damage": 4.0,
  "sword_of_freyr_damage": 7,
  "sword_of_freyr_attack_speed": 1.6,
  "sword_of_freyr_friendly_fire": true,
  "whirligig_sawblade_damage": 8,
  "whirligig_sawblade_attack_speed": 1.6,
  "whirligig_sawblade_ability_damage": 5.0,
  "whirligig_sawblade_cooldown": 100,
  "whirligig_sawblade_use_time": 100,
  "withered_wabbajack_damage": 8,
  "withered_wabbajack_attack_speed": 1.2,
  "calculated_fall_hits_immune_entities": false,
  "ultra_heavy_haste_when_strength": true,
  "ultra_heavy_posture_loss_modifier_when_stagger_enchant": 2.0,
  "prioritize_off_hand_shield_over_weapon": false,
  "max_posture_loss": 200,
  "stagger_enchant_posture_loss_applied_per_level": 5,
  "stagger_enchant_posture_loss_on_player_modifier": 1.0,
  "enable_shield_parry": true,
  "shield_parry_cooldown": 40,
  "shield_parry_max_animation_frames": 10,
  "shield_parry_frames": 3,
  "can_projectiles_apply_posture_loss": true,
  "silver_bullet_undead_bonus_damage": 4.0,
  "silver_bullet_posture_loss_on_player_modifier": 0.75,
  "blunderbuss_damage": 13.0,
  "blunderbuss_velocity": 3.0,
  "blunderbuss_divergence": 10.0,
  "blunderbuss_projectile_amount": 3,
  "blunderbuss_posture_loss": 25,
  "blunderbuss_cooldown": 80,
  "blunderbuss_bullets_needed": 2,
  "gatling_gun_damage": 3.0,
  "gatling_gun_velocity": 3.0,
  "gatling_gun_divergence": 3.0,
  "gatling_gun_posture_loss": 9,
  "gatling_gun_max_time": 100,
  "gatling_gun_cooldown": 120,
  "gatling_gun_bullets_needed": 1,
  "hunter_cannon_damage": 30.0,
  "hunter_cannon_velocity": 3.0,
  "hunter_cannon_divergence": 1.0,
  "hunter_cannon_posture_loss": 60,
  "hunter_cannon_cooldown": 300,
  "hunter_cannon_bullets_needed": 10,
  "hunter_pistol_damage": 6.0,
  "hunter_pistol_velocity": 3.0,
  "hunter_pistol_divergence": 1.0,
  "hunter_pistol_posture_loss": 30,
  "hunter_pistol_cooldown": 50,
  "hunter_pistol_bullets_needed": 1,
  "decaying_king_health": 500.0,
  "decaying_king_attack_cooldown_ticks": 20,
  "decaying_king_special_cooldown_ticks": 60,
  "decaying_king_damage_modifier": 1.0,
  "decaying_king_xp": 500,
  "returning_knight_health": 400.0,
  "returning_knight_attack_cooldown_ticks": 40,
  "returning_knight_special_cooldown_ticks": 80,
  "returning_knight_damage_modifier": 1.0,
  "returning_knight_xp": 500,
  "old_champions_remains_health": 200.0,
  "old_champions_remains_attack_cooldown_ticks": 10,
  "old_champions_remains_special_cooldown_ticks": 300,
  "old_champions_remains_damage_modifier": 1.0,
  "old_champions_remains_hits_before_growing_resistant": 3,
  "old_champions_remains_xp": 200,
  "frenzied_shade_health": 100.0,
  "frenzied_shade_damage_modifier": 1.0,
  "frenzied_shade_cooldown": 10,
  "frenzied_shade_xp": 400,
  "chaos_monarch_health": 400.0,
  "chaos_monarch_attack_cooldown_ticks": 20,
  "chaos_monarch_damage_modifier": 1.0,
  "chaos_monarch_xp": 500,
  "fallen_icon_health": 500.0,
  "fallen_icon_attack_cooldown_ticks_phase_1": 30,
  "fallen_icon_attack_cooldown_ticks_phase_2": 0,
  "fallen_icon_special_cooldown_ticks": 50,
  "fallen_icon_damage_modifier": 1.0,
  "fallen_icon_xp": 600,
  "day_stalker_health": 500.0,
  "day_stalker_damage_modifier": 1.0,
  "day_stalker_empowered_projectile_damage_taken_modifier_phase_1": 0.8,
  "day_stalker_empowered_projectile_damage_taken_modifier_phase_2": 0.6,
  "day_stalker_xp": 500,
  "day_stalker_cooldown_modifier_phase_1": 1.0,
  "day_stalker_cooldown_modifier_phase_2": 1.0,
  "day_stalker_special_cooldown_modifier_phase_1": 1.0,
  "day_stalker_special_cooldown_modifier_phase_2": 1.0,
  "duo_fight_time_before_switch": 400,
  "night_prowler_health": 400.0,
  "night_prowler_damage_modifier": 1.0,
  "night_prowler_eclipse_healing": 3.0,
  "night_prowler_projectile_heal_below_percent_health": 0.16670000553131104,
  "night_prowler_projectile_heal_amount": 5.0,
  "night_prowler_teleport_chance": 0.3,
  "night_prowler_xp": 500,
  "night_prowler_cooldown_modifier_phase_1": 1.0,
  "night_prowler_cooldown_modifier_phase_2": 1.0,
  "night_prowler_special_cooldown_modifier_phase_1": 1.0,
  "night_prowler_special_cooldown_modifier_phase_2": 1.0
}