{
  "minecraft:recipes/decorations/crafting_table": {
    "criteria": {
      "unlock_right_away": "2024-10-05 00:02:20 +0800"
    },
    "done": true
  },
  "dungeons_arise:wda_root": {
    "criteria": {
      "WDA": "2024-10-05 00:02:20 +0800"
    },
    "done": true
  },
  "minecraft:adventure/adventuring_time": {
    "criteria": {
      "minecraft:dark_forest": "2024-10-05 00:02:22 +0800"
    },
    "done": false
  },
  "create:root": {
    "criteria": {
      "0": "2024-10-05 00:03:27 +0800"
    },
    "done": true
  },
  "farmersdelight:main/root": {
    "criteria": {
      "seeds": "2024-10-05 00:03:27 +0800"
    },
    "done": true
  },
  "soulsweapons:all_weapons": {
    "criteria": {
      "bluemoon_short": "2024-10-05 00:03:37 +0800",
      "master_sword": "2024-10-05 00:03:54 +0800"
    },
    "done": false
  },
  "soulsweapons:bluemoon_tools": {
    "criteria": {
      "soulsweapons:bluemoon_shortsword": "2024-10-05 00:03:37 +0800"
    },
    "done": true
  },
  "soulsweapons:hallowheart": {
    "criteria": {
      "items": "2024-10-05 00:03:45 +0800"
    },
    "done": true
  },
  "soulsweapons:hunter_pistol": {
    "criteria": {
      "weapon": "2024-10-05 00:03:59 +0800"
    },
    "done": true
  },
  "soulsweapons:gatling_gun": {
    "criteria": {
      "weapon": "2024-10-05 00:04:01 +0800"
    },
    "done": true
  },
  "soulsweapons:cannon": {
    "criteria": {
      "weapon": "2024-10-05 00:04:03 +0800"
    },
    "done": true
  },
  "DataVersion": 3465
}